-- phpMyAdmin SQL Dump
-- version 3.5.1
-- http://www.phpmyadmin.net
--
-- Хост: 127.0.0.1
-- Время создания: Мар 11 2017 г., 02:52
-- Версия сервера: 5.5.25
-- Версия PHP: 5.3.13

SET SQL_MODE="NO_AUTO_VALUE_ON_ZERO";
SET time_zone = "+00:00";

--
-- База данных: `dinasty`
--

DELIMITER $$
--
-- Процедуры
--
CREATE DEFINER=`root`@`localhost` PROCEDURE `reset`()
    NO SQL
begin
delete from `character` where id>2;
update `family` set `level`=0 WHERE id=5;
delete from `fiancees`;
end$$

DELIMITER ;

-- --------------------------------------------------------

--
-- Структура таблицы `achievements`
--

CREATE TABLE IF NOT EXISTS `achievements` (
  `id` int(11) NOT NULL AUTO_INCREMENT,
  `title` varchar(30) NOT NULL,
  PRIMARY KEY (`id`)
) ENGINE=InnoDB  DEFAULT CHARSET=utf8 AUTO_INCREMENT=10 ;

--
-- Дамп данных таблицы `achievements`
--

INSERT INTO `achievements` (`id`, `title`) VALUES
(1, 'Эльф рожден!'),
(2, 'Жгучая Африка'),
(3, 'Воздушный Китай'),
(4, 'Орк рожден!'),
(5, 'Гоблин рожден!'),
(6, 'Дворф рожден!'),
(7, 'Вампир рожден!'),
(8, 'Фея рождена!'),
(9, 'Тролль рожден!');

-- --------------------------------------------------------

--
-- Структура таблицы `appearance`
--

CREATE TABLE IF NOT EXISTS `appearance` (
  `id` int(11) NOT NULL AUTO_INCREMENT,
  `feature` varchar(30) NOT NULL,
  `value_rus` varchar(30) NOT NULL,
  `type` varchar(10) NOT NULL,
  PRIMARY KEY (`id`)
) ENGINE=InnoDB  DEFAULT CHARSET=utf8 AUTO_INCREMENT=93 ;

--
-- Дамп данных таблицы `appearance`
--

INSERT INTO `appearance` (`id`, `feature`, `value_rus`, `type`) VALUES
(1, 'height', 'очень низкий', 'usual'),
(2, 'height', 'низкий', 'usual'),
(3, 'height', 'средний', 'usual'),
(4, 'height', 'высокий', 'usual'),
(5, 'height', 'очень высокий', 'usual'),
(6, 'height', 'полурослик', 'rare'),
(7, 'height', 'сверх высокий', 'rare'),
(8, 'skin_color', 'светлый', 'usual'),
(9, 'skin_color', 'смуглый', 'usual'),
(10, 'skin_color', 'темный', 'usual'),
(11, 'skin_color', 'оливковый', 'usual'),
(12, 'skin_color', 'медный', 'usual'),
(13, 'skin_color', 'бледный', 'rare'),
(14, 'skin_color', 'светло-зеленый', 'rare'),
(15, 'skin_color', 'зеленый', 'rare'),
(16, 'skin_color', 'голубоватый', 'rare'),
(17, 'hair_color', 'русый', 'usual'),
(18, 'hair_color', 'рыжий', 'usual'),
(19, 'hair_color', 'светлый', 'usual'),
(20, 'hair_color', 'каштановый', 'usual'),
(21, 'hair_color', 'черный', 'usual'),
(22, 'hair_color', 'белый', 'rare'),
(23, 'hair_color', 'синий', 'rare'),
(24, 'hair_color', 'красный', 'rare'),
(25, 'hair_type', 'прямые', 'usual'),
(26, 'hair_type', 'кудрявые', 'usual'),
(27, 'hair_type', 'пышные локоны', 'usual'),
(28, 'hair_type', 'жидкие', 'usual'),
(29, 'hair_type', 'нет', 'rare'),
(30, 'hair_type', 'змеи', 'rare'),
(31, 'head', 'овальная', 'usual'),
(32, 'head', 'треугольная', 'usual'),
(33, 'head', 'круглая', 'usual'),
(34, 'head', 'квадратная', 'usual'),
(35, 'head', 'грушевидная', 'usual'),
(36, 'head', 'большой затылок', 'rare'),
(37, 'ears', 'оттопыренные', 'usual'),
(38, 'ears', 'большие', 'usual'),
(39, 'ears', 'средние', 'usual'),
(40, 'ears', 'маленькие', 'usual'),
(41, 'ears', 'высокие и длинные', 'rare'),
(42, 'ears', 'большие заостренные', 'rare'),
(43, 'ears', 'нет', 'rare'),
(44, 'eyebrows', 'дугообразные', 'usual'),
(45, 'eyebrows', 'изогнутые', 'usual'),
(46, 'eyebrows', 'с изломом', 'usual'),
(47, 'eyebrows', 'горизонтальные', 'usual'),
(48, 'eyebrows', 'восходящие', 'usual'),
(49, 'eyebrows', 'домиком', 'usual'),
(50, 'eyebrows', 'нет', 'rare'),
(51, 'eyes', 'круглые', 'usual'),
(52, 'eyes', 'узкие', 'usual'),
(53, 'eyes', 'миндалевидные', 'usual'),
(54, 'eyes', 'глубоко посаженные', 'usual'),
(55, 'eyes', 'выпуклые', 'usual'),
(56, 'eyes', 'тяжелое веко', 'usual'),
(57, 'eyes', 'огромные', 'rare'),
(58, 'eyes', 'пчелиные', 'rare'),
(59, 'eye_color', 'зеленые', 'usual'),
(60, 'eye_color', 'синие', 'usual'),
(61, 'eye_color', 'голубые', 'usual'),
(62, 'eye_color', 'ореховые', 'usual'),
(63, 'eye_color', 'светло-зеленые', 'usual'),
(64, 'eye_color', 'темно-зеленые', 'usual'),
(65, 'eye_color', 'серые', 'usual'),
(66, 'eye_color', 'аквамарин', 'usual'),
(67, 'eye_color', 'фиолетовые', 'rare'),
(68, 'eye_color', 'черные', 'rare'),
(69, 'eye_color', 'светящийся желтый', 'rare'),
(70, 'eye_color', 'светящийся красный', 'rare'),
(71, 'nose', 'острый', 'usual'),
(72, 'nose', 'прямой', 'usual'),
(73, 'nose', 'вздернутый', 'usual'),
(74, 'nose', 'с горбинкой', 'usual'),
(75, 'nose', 'волнистый', 'usual'),
(76, 'nose', 'большой', 'usual'),
(77, 'nose', 'широкий', 'rare'),
(78, 'mouth', 'естественные', 'usual'),
(79, 'mouth', 'угловато-естественные', 'usual'),
(80, 'mouth', 'тонкие', 'usual'),
(81, 'mouth', 'лук купидона', 'usual'),
(82, 'mouth', 'гладкие', 'usual'),
(83, 'mouth', 'пухлые', 'usual'),
(84, 'mouth', 'размазанные', 'usual'),
(85, 'mouth', 'гламурные', 'usual'),
(86, 'mouth', 'с нижними клыками', 'rare'),
(87, 'mouth', 'с верхними клыками', 'rare'),
(88, 'body', 'широкие плечи', 'usual'),
(89, 'body', 'обычные плечи', 'usual'),
(90, 'body', 'узкие плечи', 'usual'),
(91, 'body', 'огромный торс', 'rare'),
(92, 'body', 'тонкое с крыльями бабочки', 'rare');

-- --------------------------------------------------------

--
-- Структура таблицы `buffs`
--

CREATE TABLE IF NOT EXISTS `buffs` (
  `id` int(11) NOT NULL AUTO_INCREMENT,
  `title` varchar(30) NOT NULL,
  `contradictory` varchar(30) NOT NULL,
  `desc` text NOT NULL,
  PRIMARY KEY (`id`),
  KEY `id` (`id`)
) ENGINE=InnoDB  DEFAULT CHARSET=utf8 AUTO_INCREMENT=8 ;

--
-- Дамп данных таблицы `buffs`
--

INSERT INTO `buffs` (`id`, `title`, `contradictory`, `desc`) VALUES
(1, 'Плодовитость', '', 'мин.кол-во детей +1 '),
(2, 'Многодетность', '', 'макс кол-во детей +1'),
(3, 'Доминант отца', 'Доминант матери', 'передача генов отца не 50/50, а 80/20'),
(4, 'Доминант матери', 'Доминант отца', 'передача генов отца не 50/50, а 20/80'),
(5, 'Баф на сыновей', 'Баф на дочерей', 'выбор пола 80/20 в пользу мальчиков'),
(6, 'Баф на дочерей', 'Баф на сыновей', 'выбор пола 80/20 в пользу девочек'),
(7, 'Генетическая модификация', '', 'дети приобретут ген.мод. с вероятностью не 5%, а 40%');

-- --------------------------------------------------------

--
-- Структура таблицы `character`
--

CREATE TABLE IF NOT EXISTS `character` (
  `id` int(11) NOT NULL AUTO_INCREMENT,
  `family` int(11) DEFAULT NULL,
  `name` varchar(30) NOT NULL,
  `sex` enum('male','female') NOT NULL,
  `father` int(11) DEFAULT NULL,
  `spouse` int(11) DEFAULT NULL,
  `level` int(11) NOT NULL,
  `race` int(4) NOT NULL,
  `buff` varchar(500) NOT NULL,
  `height` int(4) NOT NULL,
  `skin_color` int(4) NOT NULL,
  `hair_color` int(4) NOT NULL,
  `hair_type` int(4) NOT NULL,
  `hairstyle` int(4) NOT NULL,
  `head` int(4) NOT NULL,
  `ears` int(4) NOT NULL,
  `eyebrows` int(4) NOT NULL,
  `eyes` int(4) NOT NULL,
  `eye_color` int(4) NOT NULL,
  `nose` int(4) NOT NULL,
  `mouth` int(4) NOT NULL,
  `body` int(4) NOT NULL,
  PRIMARY KEY (`id`)
) ENGINE=InnoDB  DEFAULT CHARSET=utf8 AUTO_INCREMENT=100 ;

--
-- Дамп данных таблицы `character`
--

INSERT INTO `character` (`id`, `family`, `name`, `sex`, `father`, `spouse`, `level`, `race`, `buff`, `height`, `skin_color`, `hair_color`, `hair_type`, `hairstyle`, `head`, `ears`, `eyebrows`, `eyes`, `eye_color`, `nose`, `mouth`, `body`) VALUES
(1, NULL, 'Злата', 'female', NULL, 2, 0, 0, '', 5, 12, 21, 28, 10, 34, 37, 48, 55, 66, 75, 79, 88),
(2, 6, 'Иван', 'male', NULL, 1, 0, 0, 'Плодовитость,Баф на сыновей', 4, 10, 17, 26, 18, 32, 39, 49, 56, 63, 71, 80, 88),
(3, 6, 'Зита', 'female', 2, NULL, 1, 0, '', 4, 12, 21, 28, 0, 32, 37, 49, 55, 63, 71, 79, 88),
(4, 6, 'Клеопатра', 'female', 2, NULL, 1, 0, '', 5, 10, 17, 26, 6, 32, 39, 49, 58, 63, 71, 79, 88),
(5, 6, 'Чулпан', 'female', 2, NULL, 1, 0, '', 7, 10, 21, 28, 11, 32, 37, 49, 56, 63, 71, 80, 88),
(6, 6, 'Амелия', 'female', 2, NULL, 1, 0, '', 4, 12, 21, 26, 6, 34, 37, 49, 55, 66, 75, 80, 88),
(7, 6, 'Заира', 'female', 2, NULL, 1, 0, '', 4, 10, 21, 28, 10, 34, 39, 48, 56, 66, 71, 79, 88),
(8, 6, 'Нора', 'female', 2, NULL, 1, 0, '', 4, 12, 17, 26, 7, 32, 37, 49, 55, 63, 75, 80, 88),
(9, 6, 'Милада', 'female', 2, NULL, 1, 0, '', 4, 12, 21, 26, 7, 32, 39, 48, 55, 66, 71, 80, 88),
(10, 6, 'Ирма', 'female', 2, NULL, 1, 0, '', 5, 10, 17, 28, 11, 34, 37, 48, 55, 66, 71, 80, 88),
(11, NULL, 'Симона', 'female', NULL, 12, 0, 0, '', 4, 9, 20, 26, 5, 34, 40, 45, 53, 59, 74, 84, 90),
(12, 7, 'Акакий', 'male', NULL, 11, 0, 0, 'Многодетность,Баф на сыновей', 4, 10, 19, 25, 15, 35, 39, 48, 53, 66, 73, 85, 88),
(13, 7, 'Арно', 'male', 12, 24, 1, 0, 'Плодовитость,Баф на сыновей', 4, 10, 20, 26, 17, 35, 39, 48, 53, 66, 73, 85, 90),
(24, 1, 'Наталья', 'female', NULL, 13, 0, 0, '', 7, 10, 17, 27, 8, 31, 39, 47, 53, 61, 76, 78, 89),
(25, 1, 'Нора', 'female', NULL, 86, 0, 0, '', 4, 10, 21, 26, 2, 33, 40, 48, 54, 65, 72, 79, 88),
(26, 1, 'Элиана', 'female', NULL, 38, 0, 0, '', 3, 12, 21, 30, 13, 31, 38, 47, 56, 59, 75, 81, 89),
(27, 1, 'Мирослава', 'female', NULL, NULL, 0, 0, '', 3, 9, 21, 28, 10, 36, 39, 46, 52, 66, 71, 84, 88),
(28, 1, 'Юлия', 'female', NULL, 35, 0, 0, '', 7, 12, 20, 28, 11, 35, 39, 48, 52, 66, 72, 83, 89),
(29, 1, 'Алана', 'female', NULL, 51, 0, 0, '', 2, 10, 20, 25, 4, 33, 39, 46, 51, 66, 73, 84, 89),
(30, 1, 'Евпраксия', 'female', NULL, NULL, 0, 0, '', 3, 10, 18, 27, 8, 34, 39, 48, 58, 66, 71, 84, 90),
(31, 1, 'Фаиза', 'female', NULL, NULL, 0, 0, '', 3, 12, 17, 29, 12, 34, 40, 47, 52, 59, 71, 81, 88),
(32, 1, 'Сабина', 'female', NULL, 37, 0, 0, '', 3, 12, 19, 25, 4, 31, 37, 49, 57, 65, 75, 78, 88),
(33, 1, 'Алевтина', 'female', NULL, 52, 0, 0, '', 2, 9, 17, 25, 3, 34, 38, 49, 52, 61, 74, 82, 88),
(34, 7, 'Божена', 'female', 13, NULL, 2, 0, '', 7, 10, 17, 26, 6, 31, 39, 48, 53, 61, 77, 78, 90),
(35, 7, 'Бертран', 'male', 13, 28, 2, 0, '', 7, 10, 20, 27, 20, 36, 39, 48, 53, 61, 73, 85, 89),
(36, 7, 'Ирена', 'female', 13, NULL, 2, 0, '', 7, 10, 17, 26, 6, 35, 39, 48, 53, 61, 76, 85, 89),
(37, 7, 'Радомир', 'male', 13, 32, 2, 0, '', 4, 10, 17, 27, 20, 35, 39, 48, 53, 66, 73, 85, 89),
(38, 7, 'Аввакум', 'male', 13, 26, 2, 0, '', 4, 10, 20, 27, 19, 35, 39, 47, 53, 61, 73, 85, 89),
(39, 7, 'Дарья', 'female', 13, NULL, 2, 0, '', 4, 10, 17, 26, 5, 35, 39, 48, 53, 66, 76, 78, 89),
(40, 7, 'Магдалена', 'female', 35, NULL, 3, 0, '', 7, 12, 20, 27, 9, 35, 39, 48, 53, 61, 72, 85, 89),
(41, 7, 'Каролина', 'female', 35, NULL, 3, 0, '', 7, 12, 20, 28, 10, 36, 39, 48, 52, 61, 72, 83, 89),
(42, 7, 'Нонна', 'female', 35, NULL, 3, 0, '', 7, 10, 20, 27, 9, 36, 39, 48, 53, 66, 72, 85, 89),
(43, 7, 'Адриана', 'female', 35, NULL, 3, 0, '', 7, 10, 20, 28, 10, 36, 39, 48, 53, 61, 72, 83, 89),
(44, 7, 'Улита', 'female', 35, NULL, 3, 0, '', 7, 12, 20, 28, 11, 36, 39, 48, 53, 61, 73, 83, 89),
(45, 7, 'Нелли', 'female', 37, NULL, 3, 0, '', 4, 12, 17, 27, 8, 31, 37, 49, 57, 65, 73, 85, 89),
(46, 7, 'Эвелина', 'female', 37, NULL, 3, 0, '', 4, 12, 19, 25, 3, 35, 39, 49, 57, 65, 75, 78, 88),
(47, 7, 'Альжбета', 'female', 37, NULL, 3, 0, '', 3, 12, 19, 25, 2, 35, 37, 49, 57, 65, 75, 78, 89),
(48, 7, 'Роберта', 'female', 37, NULL, 3, 0, '', 4, 12, 19, 27, 9, 35, 39, 48, 53, 65, 75, 78, 89),
(49, 7, 'Людмила', 'female', 37, NULL, 3, 0, '', 4, 10, 17, 27, 8, 31, 37, 49, 53, 65, 75, 85, 88),
(50, 7, 'Ася', 'female', 37, NULL, 3, 0, '', 4, 10, 19, 25, 3, 35, 39, 48, 53, 65, 75, 78, 88),
(51, 7, 'Вали', 'male', 38, 29, 3, 0, '', 3, 12, 20, 30, 23, 35, 39, 47, 53, 59, 73, 85, 89),
(52, 7, 'Витольд', 'male', 38, 33, 3, 0, '', 3, 10, 20, 27, 20, 31, 38, 47, 53, 61, 73, 85, 89),
(53, 7, 'Юлия', 'female', 51, NULL, 4, 0, '', 3, 15, 20, 25, 3, 33, 39, 46, 51, 66, 73, 84, 89),
(54, 7, 'Султан', 'male', 51, NULL, 4, 0, '', 2, 10, 20, 30, 23, 35, 39, 46, 51, 66, 73, 85, 89),
(55, 7, 'Анфиса', 'female', 52, NULL, 4, 0, '', 2, 10, 20, 27, 9, 34, 38, 47, 52, 61, 73, 82, 88),
(56, 7, 'Евсей', 'male', 52, 64, 4, 0, 'Многодетность,Плодовитость,Баф на сыновей', 2, 10, 17, 27, 19, 34, 38, 47, 53, 61, 73, 85, 88),
(57, 7, 'Алевтина', 'female', 52, NULL, 4, 0, '', 2, 10, 20, 27, 9, 34, 38, 49, 52, 61, 73, 82, 89),
(58, 7, 'Леон', 'male', 52, 61, 4, 0, '', 3, 10, 21, 26, 15, 34, 38, 47, 52, 61, 74, 85, 88),
(59, 7, 'Дионисия', 'female', 52, NULL, 4, 0, '', 2, 10, 20, 25, 3, 31, 38, 47, 53, 61, 74, 82, 88),
(60, 1, 'Гольпира', 'female', NULL, NULL, 0, 0, '', 3, 13, 20, 28, 11, 32, 38, 44, 56, 59, 75, 82, 89),
(61, 1, 'Евгения', 'female', NULL, 58, 0, 0, '', 5, 13, 21, 27, 9, 33, 40, 47, 55, 62, 72, 79, 90),
(62, 1, 'Лейла', 'female', NULL, NULL, 0, 0, '', 7, 8, 17, 27, 9, 32, 38, 45, 54, 63, 75, 81, 88),
(63, 1, 'Лола', 'female', NULL, 92, 0, 0, '', 4, 13, 21, 27, 8, 33, 39, 44, 51, 61, 74, 80, 88),
(64, 1, 'Ольвия', 'female', NULL, 56, 0, 0, '', 1, 12, 21, 26, 11, 33, 39, 47, 53, 64, 71, 83, 88),
(65, 1, 'Саломея', 'female', NULL, NULL, 0, 0, '', 5, 12, 17, 27, 8, 31, 38, 50, 53, 63, 73, 84, 88),
(66, 1, 'Дайна', 'female', NULL, 87, 0, 0, '', 3, 9, 21, 26, 7, 32, 40, 44, 51, 67, 72, 84, 88),
(67, 1, 'Варя', 'female', NULL, NULL, 0, 0, '', 5, 11, 24, 28, 11, 33, 38, 44, 51, 62, 75, 81, 89),
(68, 1, 'Паулина', 'female', NULL, NULL, 0, 0, '', 1, 14, 18, 25, 3, 31, 40, 49, 51, 61, 74, 79, 90),
(69, 1, 'Джана', 'female', NULL, 79, 0, 0, '', 3, 10, 21, 25, 3, 33, 41, 46, 52, 59, 72, 83, 88),
(70, 7, 'Баянсулу', 'female', 56, NULL, 5, 0, '', 2, 12, 17, 27, 9, 33, 39, 47, 53, 64, 73, 85, 88),
(71, 7, 'Алина', 'female', 56, NULL, 5, 0, '', 1, 14, 17, 27, 9, 34, 38, 47, 53, 64, 73, 85, 88),
(72, 7, 'Илзе', 'female', 56, NULL, 5, 0, '', 1, 10, 17, 27, 9, 34, 38, 47, 53, 61, 73, 85, 88),
(73, 7, 'Вета', 'female', 56, NULL, 5, 0, '', 1, 10, 17, 26, 5, 33, 39, 47, 53, 61, 71, 83, 88),
(74, 7, 'Халима', 'female', 56, NULL, 5, 0, '', 1, 10, 17, 26, 7, 34, 38, 47, 53, 61, 73, 83, 88),
(75, 7, 'Медея', 'female', 56, NULL, 5, 0, '', 1, 12, 21, 27, 9, 33, 39, 47, 53, 61, 71, 85, 88),
(76, 7, 'Габриель', 'male', 58, NULL, 5, 0, '', 3, 10, 21, 27, 19, 33, 38, 47, 52, 62, 72, 79, 88),
(77, 7, 'Гульнара', 'female', 58, NULL, 5, 0, '', 3, 10, 21, 26, 5, 34, 38, 47, 55, 61, 74, 85, 88),
(78, 7, 'Снежана', 'female', 58, NULL, 5, 0, '', 5, 13, 21, 26, 7, 34, 38, 47, 55, 61, 72, 79, 88),
(79, 7, 'Бари', 'male', 58, 69, 5, 0, 'Многодетность,Плодовитость,Баф на сыновей', 3, 10, 21, 26, 18, 33, 40, 47, 52, 62, 74, 85, 88),
(80, 7, 'Алёна', 'female', 58, NULL, 5, 0, '', 3, 13, 21, 26, 5, 34, 40, 47, 52, 62, 74, 85, 90),
(81, 7, 'Жанна', 'female', 58, NULL, 5, 0, '', 5, 13, 21, 27, 9, 34, 40, 47, 55, 61, 72, 85, 88),
(82, 7, 'Рахман', 'male', 79, NULL, 6, 0, '', 3, 10, 21, 26, 17, 33, 41, 47, 52, 59, 74, 83, 88),
(83, 7, 'Геновефа', 'female', 79, NULL, 6, 0, '', 3, 10, 21, 25, 4, 33, 40, 47, 52, 59, 72, 85, 88),
(84, 7, 'Станислава', 'female', 79, NULL, 6, 0, '', 3, 10, 21, 25, 3, 33, 41, 46, 52, 59, 72, 85, 88),
(85, 7, 'Октябрина', 'female', 79, NULL, 6, 0, '', 3, 10, 21, 26, 7, 33, 41, 47, 52, 62, 74, 85, 88),
(86, 7, 'Анжей', 'male', 79, 25, 6, 0, 'Многодетность,Плодовитость,Баф на сыновей', 3, 10, 21, 25, 16, 33, 40, 47, 52, 59, 72, 83, 88),
(87, 7, 'Аввакум', 'male', 86, 66, 7, 19, 'Плодовитость,Многодетность,Доминант отца,Баф на сыновей', 3, 10, 21, 26, 17, 33, 40, 47, 52, 59, 72, 83, 88),
(88, 7, 'Ануш', 'female', 86, NULL, 7, 0, '', 3, 10, 21, 25, 4, 33, 40, 47, 54, 65, 72, 79, 88),
(89, 7, 'Джанузак', 'male', 86, NULL, 7, 0, '', 3, 10, 21, 25, 16, 33, 40, 48, 54, 59, 72, 83, 88),
(90, 7, 'Милада', 'female', 86, NULL, 7, 0, '', 3, 10, 21, 25, 3, 33, 40, 47, 52, 65, 72, 83, 88),
(91, 7, 'Елизар', 'male', 86, NULL, 7, 0, '', 3, 10, 21, 25, 15, 33, 40, 47, 52, 65, 72, 79, 88),
(92, 7, 'Камилл', 'male', 86, 63, 7, 19, 'Плодовитость,Многодетность,Доминант отца,Баф на сыновей', 3, 10, 21, 26, 17, 33, 40, 47, 54, 59, 72, 83, 88),
(93, 7, 'Венедикт', 'male', 86, NULL, 7, 0, '', 4, 10, 21, 25, 15, 33, 40, 48, 54, 59, 72, 79, 88),
(94, 7, 'Артем', 'male', 86, NULL, 7, 0, '', 4, 10, 21, 25, 16, 33, 40, 47, 54, 65, 72, 79, 88),
(95, 7, 'Мефодий', 'male', 87, NULL, 8, 0, '', 3, 9, 21, 26, 18, 32, 40, 47, 52, 67, 72, 84, 88),
(96, 7, 'Муза', 'female', 87, NULL, 8, 0, '', 3, 9, 21, 26, 7, 32, 40, 44, 51, 59, 72, 84, 88),
(97, 7, 'Ульяна', 'female', 92, NULL, 8, 0, '', 3, 13, 21, 27, 9, 33, 39, 44, 54, 61, 74, 80, 88),
(98, 7, 'Герасим', 'male', 92, NULL, 8, 0, '', 3, 13, 21, 26, 18, 33, 39, 47, 51, 61, 74, 83, 88),
(99, 7, 'Дональд', 'male', 92, NULL, 8, 0, '', 3, 10, 21, 27, 19, 33, 39, 47, 54, 61, 72, 83, 88);

-- --------------------------------------------------------

--
-- Структура таблицы `character_buffs`
--

CREATE TABLE IF NOT EXISTS `character_buffs` (
  `character_id` int(11) NOT NULL,
  `buff_id` int(11) NOT NULL
) ENGINE=InnoDB DEFAULT CHARSET=utf8;

-- --------------------------------------------------------

--
-- Структура таблицы `family`
--

CREATE TABLE IF NOT EXISTS `family` (
  `id` int(11) NOT NULL AUTO_INCREMENT,
  `user` int(11) NOT NULL,
  `familyname` varchar(50) NOT NULL,
  `his_lastname` varchar(50) NOT NULL,
  `her_lastname` varchar(50) NOT NULL,
  `level` int(11) NOT NULL,
  `money` int(11) NOT NULL DEFAULT '100',
  PRIMARY KEY (`id`)
) ENGINE=InnoDB  DEFAULT CHARSET=utf8 AUTO_INCREMENT=8 ;

--
-- Дамп данных таблицы `family`
--

INSERT INTO `family` (`id`, `user`, `familyname`, `his_lastname`, `her_lastname`, `level`, `money`) VALUES
(1, 1, 'Случайновы', 'Случайнов', 'Случайнова', 0, 100),
(4, 1, 'Ивановы', 'Иванов', 'Иванова', 0, 100),
(5, 1, 'Петровы', 'Петров', 'Петрова', 14, 100),
(6, 1, 'Лукьяненко', 'Лукьяненко', 'Лукьяненко', 1, 100),
(7, 1, 'Редько', 'Редько', 'Редько', 8, 100);

-- --------------------------------------------------------

--
-- Структура таблицы `fiancees`
--

CREATE TABLE IF NOT EXISTS `fiancees` (
  `id` int(11) NOT NULL,
  `date` datetime NOT NULL,
  `cost` int(11) NOT NULL DEFAULT '10'
) ENGINE=InnoDB DEFAULT CHARSET=utf8;

--
-- Дамп данных таблицы `fiancees`
--

INSERT INTO `fiancees` (`id`, `date`, `cost`) VALUES
(27, '2017-02-02 16:59:47', 13),
(30, '2017-02-02 16:59:47', 13),
(31, '2017-02-02 16:59:47', 13),
(60, '2017-02-02 17:23:51', 13),
(62, '2017-02-02 17:23:51', 13),
(65, '2017-02-02 17:23:51', 13),
(67, '2017-02-02 17:23:52', 13),
(68, '2017-02-02 17:23:52', 13);

-- --------------------------------------------------------

--
-- Структура таблицы `hairstyle`
--

CREATE TABLE IF NOT EXISTS `hairstyle` (
  `id` int(11) NOT NULL AUTO_INCREMENT,
  `sex` enum('male','female') NOT NULL,
  `hair_type` int(4) NOT NULL,
  `value_rus` varchar(30) NOT NULL,
  PRIMARY KEY (`id`)
) ENGINE=InnoDB  DEFAULT CHARSET=utf8 AUTO_INCREMENT=24 ;

--
-- Дамп данных таблицы `hairstyle`
--

INSERT INTO `hairstyle` (`id`, `sex`, `hair_type`, `value_rus`) VALUES
(1, 'female', 25, 'хвост без челки'),
(2, 'female', 25, 'каре с челкой'),
(3, 'female', 25, 'хвост с челкой'),
(4, 'female', 25, 'каре без челки'),
(5, 'female', 26, 'коса'),
(6, 'female', 26, 'короткие'),
(7, 'female', 26, 'распущенные'),
(8, 'female', 27, 'распущенные'),
(9, 'female', 27, 'хвост'),
(10, 'female', 28, 'короткие'),
(11, 'female', 28, 'висят'),
(12, 'female', 29, 'нет'),
(13, 'female', 30, 'висят'),
(14, 'female', 30, 'пучок'),
(15, 'male', 25, 'хвостик'),
(16, 'male', 25, 'ежик'),
(17, 'male', 26, 'короткие'),
(18, 'male', 26, 'лохматые'),
(19, 'male', 27, 'распущенные'),
(20, 'male', 27, 'короткие'),
(21, 'male', 28, 'висят'),
(22, 'male', 29, 'нет'),
(23, 'male', 30, 'короткие');

-- --------------------------------------------------------

--
-- Структура таблицы `names_female`
--

CREATE TABLE IF NOT EXISTS `names_female` (
  `id` int(11) NOT NULL AUTO_INCREMENT,
  `value` varchar(30) NOT NULL,
  PRIMARY KEY (`id`),
  KEY `id` (`id`)
) ENGINE=InnoDB  DEFAULT CHARSET=utf8 AUTO_INCREMENT=496 ;

--
-- Дамп данных таблицы `names_female`
--

INSERT INTO `names_female` (`id`, `value`) VALUES
(1, 'Августа'),
(2, 'Аврора'),
(3, 'Агата'),
(4, 'Агнесса'),
(5, 'Агния'),
(6, 'Агриппина'),
(7, 'Ада'),
(8, 'Аделия'),
(9, 'Адиля'),
(10, 'Адина'),
(11, 'Адинай'),
(12, 'Адриана'),
(13, 'Аза'),
(14, 'Азиза'),
(15, 'Аида'),
(16, 'Айжан'),
(17, 'Айта'),
(18, 'Акгюль'),
(19, 'Акулина'),
(20, 'Алана'),
(21, 'Алевтина'),
(22, 'Александра'),
(23, 'Алешан'),
(24, 'Алёна'),
(25, 'Алико'),
(26, 'Алина'),
(27, 'Алиса'),
(28, 'Алла'),
(29, 'Алсу'),
(30, 'Альберта'),
(31, 'Альбина'),
(32, 'Альжбета'),
(33, 'Альфреа'),
(34, 'Альфреда'),
(35, 'Амелия'),
(36, 'Амина'),
(37, 'Анабела'),
(38, 'Анастасия'),
(39, 'Ангелина'),
(40, 'Анжела'),
(41, 'Анисья'),
(42, 'Анита'),
(43, 'Анна'),
(44, 'Антонина'),
(45, 'Ануш'),
(46, 'Анфиса'),
(47, 'Анэля'),
(48, 'Аполлинария'),
(49, 'Апфия'),
(50, 'Арабелла'),
(51, 'Арзыгуль'),
(52, 'Ариадна'),
(53, 'Арина'),
(54, 'Арлета'),
(55, 'Архелия'),
(56, 'Асия'),
(57, 'Астра'),
(58, 'Ася'),
(59, 'Аурелия'),
(60, 'Афанасия'),
(61, 'Афина'),
(62, 'Аягуль'),
(63, 'Бабетта'),
(64, 'Багдагуль'),
(65, 'Барбара'),
(66, 'Баянсулу'),
(67, 'Беата'),
(68, 'Беатриса'),
(69, 'Белла'),
(70, 'Бенедикта'),
(71, 'Береслава'),
(72, 'Бернадетта'),
(73, 'Берта'),
(74, 'Бибиана'),
(75, 'Биргит'),
(76, 'Бирута'),
(77, 'Бланка'),
(78, 'Богдана'),
(79, 'Божена'),
(80, 'Борислава'),
(81, 'Ботогоз'),
(82, 'Бригитта'),
(83, 'Бронислава'),
(84, 'Бруна'),
(85, 'Валентина'),
(86, 'Валерия'),
(87, 'Валида'),
(88, 'Валия'),
(89, 'Ванда'),
(90, 'Варвара'),
(91, 'Варя'),
(92, 'Васила'),
(93, 'Василиса'),
(94, 'Васса'),
(95, 'Веджиха'),
(96, 'Венера'),
(97, 'Вера'),
(98, 'Вероника'),
(99, 'Веселина'),
(100, 'Веста'),
(101, 'Вета'),
(102, 'Вивиана'),
(103, 'Вида'),
(104, 'Виктория'),
(105, 'Вилора'),
(106, 'Вильгельмина'),
(107, 'Виолетта'),
(108, 'Виргиния'),
(109, 'Виринея'),
(110, 'Виталина'),
(111, 'Виталия'),
(112, 'Владислава'),
(113, 'Владлена'),
(114, 'Властилина'),
(115, 'Габриэлла'),
(116, 'Газама'),
(117, 'Галима'),
(118, 'Галина'),
(119, 'Гаянэ'),
(120, 'Гелена'),
(121, 'Гелла'),
(122, 'Геновефа'),
(123, 'Генриетта'),
(124, 'Георгина'),
(125, 'Гера'),
(126, 'Гертруда'),
(127, 'Гизелла'),
(128, 'Глафира'),
(129, 'Гликерия'),
(130, 'Глория'),
(131, 'Гольпира'),
(132, 'Гортензия'),
(133, 'Гражина'),
(134, 'Грета'),
(135, 'Гулара'),
(136, 'Гулия'),
(137, 'Гульмира'),
(138, 'Гульнара'),
(139, 'Гульназ'),
(140, 'Гульфиза'),
(141, 'Гюзель'),
(142, 'Дайна'),
(143, 'Далия'),
(144, 'Дамира'),
(145, 'Дана'),
(146, 'Даниэла'),
(147, 'Данута'),
(148, 'Дариа'),
(149, 'Дарина'),
(150, 'Дарига'),
(151, 'Дарья'),
(152, 'Дастагуль'),
(153, 'Дафна'),
(154, 'Дебора'),
(155, 'Джана'),
(156, 'Джамиля'),
(157, 'Джафара'),
(158, 'Джемма'),
(159, 'Джулия'),
(160, 'Джульетта'),
(161, 'Диана'),
(162, 'Дидилия'),
(163, 'Дильдара'),
(164, 'Дильмира'),
(165, 'Диля'),
(166, 'Диляра'),
(167, 'Дилярам'),
(168, 'Дина'),
(169, 'Динара'),
(170, 'Диодора'),
(171, 'Дионисия'),
(172, 'Доля'),
(173, 'Доминика'),
(174, 'Дора'),
(175, 'Доротея'),
(176, 'Ева'),
(177, 'Евгения'),
(178, 'Евдокия'),
(179, 'Евлалия'),
(180, 'Евлампия'),
(181, 'Евпраксия'),
(182, 'Екатерина'),
(183, 'Елена'),
(184, 'Елизавета'),
(185, 'Есения'),
(186, 'Ефимия'),
(187, 'Ефросиния'),
(188, 'Жанна'),
(189, 'Желя'),
(190, 'Жеральдина'),
(191, 'Жозефина'),
(192, 'Забава'),
(193, 'Заира'),
(194, 'Замира'),
(195, 'Зара'),
(196, 'Зарема'),
(197, 'Зарифа'),
(198, 'Земфира'),
(199, 'Зинаида'),
(200, 'Зинат'),
(201, 'Зита'),
(202, 'Злата'),
(203, 'Зоя'),
(204, 'Зульфия'),
(205, 'Зухра'),
(206, 'Иванна'),
(207, 'Иветта'),
(208, 'Ивона'),
(209, 'Изабелла'),
(210, 'Изольда'),
(211, 'Илзе'),
(212, 'Илона'),
(213, 'Инара'),
(214, 'Инга'),
(215, 'Индира'),
(216, 'Инесса'),
(217, 'Инна'),
(218, 'Иоанна'),
(219, 'Иоланта'),
(220, 'Ирада'),
(221, 'Ираида'),
(222, 'Ирена'),
(223, 'Ирина'),
(224, 'Ирма'),
(225, 'Исидора'),
(226, 'Июлия'),
(227, 'Ия'),
(228, 'Казимира'),
(229, 'Калерия'),
(230, 'Каллиопа'),
(231, 'Камила'),
(232, 'Камилла'),
(233, 'Капитолина'),
(234, 'Карима'),
(235, 'Карина'),
(236, 'Каролина'),
(237, 'Катарина'),
(238, 'Кира'),
(239, 'Кирилла'),
(240, 'Клавдия'),
(241, 'Клара'),
(242, 'Клариса'),
(243, 'Клена'),
(244, 'Клеопатра'),
(245, 'Климентина'),
(246, 'Клотильда'),
(247, 'Констанция'),
(248, 'Консуэлла'),
(249, 'Кора'),
(250, 'Кристина'),
(251, 'Ксаверта'),
(252, 'Ксения'),
(253, 'Куралай'),
(254, 'Лада'),
(255, 'Лайма'),
(256, 'Лара'),
(257, 'Лариса'),
(258, 'Латафат'),
(259, 'Лаура'),
(260, 'Лейла'),
(261, 'Леокадия'),
(262, 'Леонида'),
(263, 'Леонтина'),
(264, 'Леся'),
(265, 'Летиция'),
(266, 'Лиана'),
(267, 'Лидия'),
(268, 'Лилиана'),
(269, 'Лилия'),
(270, 'Лина'),
(271, 'Линда'),
(272, 'Лия'),
(273, 'Лола'),
(274, 'Лолита'),
(275, 'Луиза'),
(276, 'Лукреция'),
(277, 'Любава'),
(278, 'Любовь'),
(279, 'Любомила'),
(280, 'Любомира'),
(281, 'Людмила'),
(282, 'Люсьена'),
(283, 'Люция'),
(284, 'Мавра'),
(285, 'Магда'),
(286, 'Магдалена'),
(287, 'Магура'),
(288, 'Мадина'),
(289, 'Мадлена'),
(290, 'Майда'),
(291, 'Майя'),
(292, 'Малика'),
(293, 'Малуша'),
(294, 'Мальвина'),
(295, 'Манана'),
(296, 'Мануэла'),
(297, 'Маргарита'),
(298, 'Марианна'),
(299, 'Марина'),
(300, 'Марионелла'),
(301, 'Марица'),
(302, 'Мариэтта'),
(303, 'Мария'),
(304, 'Марлена'),
(305, 'Марселина'),
(306, 'Марта'),
(307, 'Марфа'),
(308, 'Марьям'),
(309, 'Марьяна'),
(310, 'Матильда'),
(311, 'Матрона'),
(312, 'Медея'),
(313, 'Медина'),
(314, 'Мелания'),
(315, 'Мелитина'),
(316, 'Милада'),
(317, 'Милана'),
(318, 'Милена'),
(319, 'Милица'),
(320, 'Милослава'),
(321, 'Мирдза'),
(322, 'Мирослава'),
(323, 'Мирра'),
(324, 'Михалина'),
(325, 'Млада'),
(326, 'Моника'),
(327, 'Муза'),
(328, 'Мэрилант'),
(329, 'Надежда'),
(330, 'Назира'),
(331, 'Наиля'),
(332, 'Наина'),
(333, 'Нана'),
(334, 'Наталья'),
(335, 'Нателла'),
(336, 'Нелли'),
(337, 'Неонила'),
(338, 'Ника'),
(339, 'Нила'),
(340, 'Нимфодора'),
(341, 'Нина'),
(342, 'Нинель'),
(343, 'Нонна'),
(344, 'Нора'),
(345, 'Норгул'),
(346, 'Одетта'),
(347, 'Оксана'),
(348, 'Октавия'),
(349, 'Октябрина'),
(350, 'Олеся'),
(351, 'Олимпия'),
(352, 'Ольвия'),
(353, 'Ольга'),
(354, 'Павла'),
(355, 'Памела'),
(356, 'Патриция'),
(357, 'Паула'),
(358, 'Паулина'),
(359, 'Пелагея'),
(360, 'Полина'),
(361, 'Прасковья'),
(362, 'Рада'),
(363, 'Радмила'),
(364, 'Радосвета'),
(365, 'Раиса'),
(366, 'Рахиль'),
(367, 'Рашам'),
(368, 'Ревекка'),
(369, 'Регина'),
(370, 'Резета'),
(371, 'Рема'),
(372, 'Рената'),
(373, 'Римма'),
(374, 'Роберта'),
(375, 'Рогнеда'),
(376, 'Роза'),
(377, 'Розамунда'),
(378, 'Розибуви'),
(379, 'Розмари'),
(380, 'Роксана'),
(381, 'Ростислава'),
(382, 'Руда'),
(383, 'Ружена'),
(384, 'Рузана'),
(385, 'Румия'),
(386, 'Русана'),
(387, 'Руслана'),
(388, 'Руфина'),
(389, 'Сабина'),
(390, 'Саида'),
(391, 'Саломея'),
(392, 'Салтанат'),
(393, 'Сания'),
(394, 'Санта'),
(395, 'Сарра'),
(396, 'Сати'),
(397, 'Светлана'),
(398, 'Северина'),
(399, 'Селена'),
(400, 'Серафима'),
(401, 'Сильвия'),
(402, 'Сима'),
(403, 'Симона'),
(404, 'Сиотвия'),
(405, 'Снежана'),
(406, 'Созия'),
(407, 'Софья'),
(408, 'Сталина'),
(409, 'Станислава'),
(410, 'Стелла'),
(411, 'Стефания'),
(412, 'Сусанна'),
(413, 'Суфия'),
(414, 'Таира'),
(415, 'Таисия'),
(416, 'Тала'),
(417, 'Тамара'),
(418, 'Татьяна'),
(419, 'Тахмина'),
(420, 'Теодора'),
(421, 'Тереза'),
(422, 'Томила'),
(423, 'Трифена'),
(424, 'Улдуза'),
(425, 'Улита'),
(426, 'Ульяна'),
(427, 'Устина'),
(428, 'Фаиза'),
(429, 'Фаина'),
(430, 'Фанни'),
(431, 'Фаня'),
(432, 'Фарида'),
(433, 'Фатима'),
(434, 'Фая'),
(435, 'Фекла'),
(436, 'Фелиция'),
(437, 'Феодора'),
(438, 'Феруза'),
(439, 'Филиппина'),
(440, 'Флора'),
(441, 'Флорентина'),
(442, 'Франсуаза'),
(443, 'Франческа'),
(444, 'Фредерика'),
(445, 'Фрида'),
(446, 'Халима'),
(447, 'Харита'),
(448, 'Хильда'),
(449, 'Хильдегарда'),
(450, 'Христина'),
(451, 'Христя'),
(452, 'Цветана'),
(453, 'Цецилия'),
(454, 'Чеслава'),
(455, 'Чулпан'),
(456, 'Шангуль'),
(457, 'Шахмира'),
(458, 'Ширин'),
(459, 'Эвелина'),
(460, 'Эдда'),
(461, 'Эдита'),
(462, 'Элахе'),
(463, 'Элеонора'),
(464, 'Элиана'),
(465, 'Элиза'),
(466, 'Элизабет'),
(467, 'Элина'),
(468, 'Элла'),
(469, 'Эллада'),
(470, 'Элоиза'),
(471, 'Эльвира'),
(472, 'Эльга'),
(473, 'Эльза'),
(474, 'Эльмира'),
(475, 'Эмилия'),
(476, 'Эмма'),
(477, 'Эрика'),
(478, 'Эрнестина'),
(479, 'Эсмеральда'),
(480, 'Эстер'),
(481, 'Юдита'),
(482, 'Юзефа'),
(483, 'Юлдуз'),
(484, 'Юлиана'),
(485, 'Юлия'),
(486, 'Юна'),
(487, 'Юния'),
(488, 'Юнона'),
(489, 'Юстина'),
(490, 'Юханна'),
(491, 'Ядвига'),
(492, 'Яна'),
(493, 'Янита'),
(494, 'Янка'),
(495, 'Ярослава');

-- --------------------------------------------------------

--
-- Структура таблицы `names_male`
--

CREATE TABLE IF NOT EXISTS `names_male` (
  `id` int(11) NOT NULL AUTO_INCREMENT,
  `value` varchar(30) NOT NULL,
  PRIMARY KEY (`id`),
  KEY `id` (`id`)
) ENGINE=InnoDB  DEFAULT CHARSET=utf8 AUTO_INCREMENT=610 ;

--
-- Дамп данных таблицы `names_male`
--

INSERT INTO `names_male` (`id`, `value`) VALUES
(1, 'Абрам'),
(2, 'Аваз'),
(3, 'Аввакум'),
(4, 'Август'),
(5, 'Августин'),
(6, 'Авдей'),
(7, 'Авенир'),
(8, 'Аверьян'),
(9, 'Авксентий'),
(10, 'Автандил'),
(11, 'Агап'),
(12, 'Агафон'),
(13, 'Агей'),
(14, 'Адам'),
(15, 'Адильхан'),
(16, 'Адис'),
(17, 'Адольф'),
(18, 'Адриан'),
(19, 'Азад'),
(20, 'Азамат'),
(21, 'Азар'),
(22, 'Азарий'),
(23, 'Азиз'),
(24, 'Акакий'),
(25, 'Аким'),
(26, 'Алан'),
(27, 'Александр'),
(28, 'Алексей'),
(29, 'Али'),
(30, 'Алим'),
(31, 'Алискер'),
(32, 'Алихан'),
(33, 'Алоис'),
(34, 'Алферий'),
(35, 'Альберт'),
(36, 'Альбин'),
(37, 'Альфред'),
(38, 'Алянур'),
(39, 'Амадей'),
(40, 'Амадеус'),
(41, 'Амаяк'),
(42, 'Амвросий'),
(43, 'Анастас'),
(44, 'Анатолий'),
(45, 'Анвар'),
(46, 'Ангел'),
(47, 'Андоим'),
(48, 'Андрей'),
(49, 'Андрон'),
(50, 'Андроп'),
(51, 'Анжей'),
(52, 'Аникита'),
(53, 'Анисим'),
(54, 'Антип'),
(55, 'Антон'),
(56, 'Ануфрий'),
(57, 'Анфим'),
(58, 'Аполлон'),
(59, 'Арам'),
(60, 'Ардалион'),
(61, 'Арий'),
(62, 'Аристарх'),
(63, 'Аристон'),
(64, 'Аркадий'),
(65, 'Арно'),
(66, 'Арнольд'),
(67, 'Арон'),
(68, 'Арсен'),
(69, 'Арслан'),
(70, 'Артамон'),
(71, 'Артем'),
(72, 'Артемий'),
(73, 'Артур'),
(74, 'Арулан'),
(75, 'Архип'),
(76, 'Аршак'),
(77, 'Аршиддин'),
(78, 'Арье'),
(79, 'Аскар'),
(80, 'Аскольд'),
(81, 'Атанас'),
(82, 'Афанасий'),
(83, 'Афиноген'),
(84, 'Африкан'),
(85, 'Ахмет'),
(86, 'Ашот'),
(87, 'Бадри'),
(88, 'Базан'),
(89, 'Байракдар'),
(90, 'Бари'),
(91, 'Барузда'),
(92, 'Батыр'),
(93, 'Бахрам'),
(94, 'Бахыт'),
(95, 'Бежен'),
(96, 'Бек'),
(97, 'Бенедикт'),
(98, 'Берек'),
(99, 'Бернар'),
(100, 'Бертран'),
(101, 'Богдан'),
(102, 'Боголюб'),
(103, 'Болеслав'),
(104, 'Бонифаций'),
(105, 'Боримир'),
(106, 'Борис'),
(107, 'Борислав'),
(108, 'Боян'),
(109, 'Брачислав'),
(110, 'Бронислав'),
(111, 'Бруно'),
(112, 'Будимир'),
(113, 'Булат'),
(114, 'Вавила'),
(115, 'Ваган'),
(116, 'Вадим'),
(117, 'Валентин'),
(118, 'Валерий'),
(119, 'Валерьян'),
(120, 'Вали'),
(121, 'Вальтер'),
(122, 'Варлаам'),
(123, 'Варсонофий'),
(124, 'Варфоломей'),
(125, 'Василий'),
(126, 'Васим'),
(127, 'Велизар'),
(128, 'Велор'),
(129, 'Венедикт'),
(130, 'Вениамин'),
(131, 'Викентий'),
(132, 'Виктор'),
(133, 'Вилен'),
(134, 'Вилли'),
(135, 'Вильгельм'),
(136, 'Вильям'),
(137, 'Винсент'),
(138, 'Виргилий'),
(139, 'Виссарион'),
(140, 'Вит'),
(141, 'Виталий'),
(142, 'Витаутас'),
(143, 'Витольд'),
(144, 'Владимир'),
(145, 'Владислав'),
(146, 'Владлен'),
(147, 'Влас'),
(148, 'Воислав'),
(149, 'Володар'),
(150, 'Вольга'),
(151, 'Вольдемар'),
(152, 'Всеволод'),
(153, 'Всеслав'),
(154, 'Вышеслав'),
(155, 'Вячеслав'),
(156, 'Габриель'),
(157, 'Гавриил'),
(158, 'Галактион'),
(159, 'Галим'),
(160, 'Гарри'),
(161, 'Гастон'),
(162, 'Гафур'),
(163, 'Гаян'),
(164, 'Гаяс'),
(165, 'Гедеон'),
(166, 'Гейдар'),
(167, 'Гелий'),
(168, 'Геннадий'),
(169, 'Генрих'),
(170, 'Георгий'),
(171, 'Геракл'),
(172, 'Геральд'),
(173, 'Герасим'),
(174, 'Герман'),
(175, 'Гермоген'),
(176, 'Геронтий'),
(177, 'Глеб'),
(178, 'Годфрид'),
(179, 'Гордей'),
(180, 'Гордон'),
(181, 'Горислав'),
(182, 'Гостомысл'),
(183, 'Градимир'),
(184, 'Грегор'),
(185, 'Григорий'),
(186, 'Гурий'),
(187, 'Гуруглы'),
(188, 'Густав'),
(189, 'Давид'),
(190, 'Давлат'),
(191, 'Дамир'),
(192, 'Даниил'),
(193, 'Дасий'),
(194, 'Дементий'),
(195, 'Демид'),
(196, 'Демьян'),
(197, 'Денис'),
(198, 'Джабир'),
(199, 'Джамал'),
(200, 'Джамил'),
(201, 'Джамшид'),
(202, 'Джанузак'),
(203, 'Джафар'),
(204, 'Джованни'),
(205, 'Джордан'),
(206, 'Диас'),
(207, 'Див'),
(208, 'Дид'),
(209, 'Дильмурат'),
(210, 'Динасий'),
(211, 'Дитмар'),
(212, 'Дмитрий'),
(213, 'Доброслав'),
(214, 'Добрыня'),
(215, 'Дональд'),
(216, 'Донат'),
(217, 'Донатос'),
(218, 'Дормидонт'),
(219, 'Дорофей'),
(220, 'Драгомил'),
(221, 'Драгомир'),
(222, 'Дружина'),
(223, 'Евгений'),
(224, 'Евграф'),
(225, 'Евдоким'),
(226, 'Евлампий'),
(227, 'Евсей'),
(228, 'Евстафий'),
(229, 'Евстигней'),
(230, 'Евстрат'),
(231, 'Егор'),
(232, 'Елдос'),
(233, 'Елизар'),
(234, 'Елисей'),
(235, 'Емельян'),
(236, 'Епифан'),
(237, 'Ералы'),
(238, 'Еремей'),
(239, 'Ермак'),
(240, 'Ермил'),
(241, 'Ермолай'),
(242, 'Ерофей'),
(243, 'Ефим'),
(244, 'Ефрем'),
(245, 'Жан'),
(246, 'Жантуар'),
(247, 'Ждан'),
(248, 'Жерар'),
(249, 'Жорж'),
(250, 'Загид'),
(251, 'Задмард'),
(252, 'Зайнал'),
(253, 'Закир'),
(254, 'Замир'),
(255, 'Зафар'),
(256, 'Захар'),
(257, 'Захария'),
(258, 'Звяга'),
(259, 'Зенон'),
(260, 'Зигмунд'),
(261, 'Зиновий'),
(262, 'Зосима'),
(263, 'Иакинф'),
(264, 'Ибрагим'),
(265, 'Иван'),
(266, 'Иво'),
(267, 'Игнат'),
(268, 'Игорь'),
(269, 'Иероним'),
(270, 'Измаил'),
(271, 'Израиль'),
(272, 'Изяслав'),
(273, 'Иларий'),
(274, 'Илиан'),
(275, 'Илларион'),
(276, 'Ильгам'),
(277, 'Илья'),
(278, 'Ильяр'),
(279, 'Иннокентий'),
(280, 'Ион'),
(281, 'Ионос'),
(282, 'Иосиф'),
(283, 'Ипат'),
(284, 'Ипполит'),
(285, 'Ираклий'),
(286, 'Иржи'),
(287, 'Ирмен'),
(288, 'Иса'),
(289, 'Исаак'),
(290, 'Исай'),
(291, 'Исидор'),
(292, 'Искандер'),
(293, 'Иувеналий'),
(294, 'Кадри'),
(295, 'Казимир'),
(296, 'Каллистрат'),
(297, 'Камилл'),
(298, 'Камиль'),
(299, 'Капитон'),
(300, 'Карен'),
(301, 'Карл'),
(302, 'Карло'),
(303, 'Карп'),
(304, 'Касим'),
(305, 'Касьян'),
(306, 'Ким'),
(307, 'Киприан'),
(308, 'Кирилл'),
(309, 'Кирьян'),
(310, 'Клавдий'),
(311, 'Клемент'),
(312, 'Клим'),
(313, 'Клод'),
(314, 'Кондрат'),
(315, 'Конкордий'),
(316, 'Конон'),
(317, 'Конрад'),
(318, 'Константин'),
(319, 'Корней'),
(320, 'Корнелий'),
(321, 'Кристиан'),
(322, 'Кристоф'),
(323, 'Кронид'),
(324, 'Ксанф'),
(325, 'Ксенофонт'),
(326, 'Кузьма'),
(327, 'Кустодий'),
(328, 'Лабута'),
(329, 'Лавр'),
(330, 'Лаврентий'),
(331, 'Ладимир'),
(332, 'Лазарь'),
(333, 'Лев'),
(334, 'Леван'),
(335, 'Лель'),
(336, 'Ленар'),
(337, 'Леон'),
(338, 'Леонард'),
(339, 'Леонид'),
(340, 'Леонтий'),
(341, 'Леопольд'),
(342, 'Леча'),
(343, 'Любомир'),
(344, 'Людвиг'),
(345, 'Лука'),
(346, 'Лукьян'),
(347, 'Люсьен'),
(348, 'Маврикий'),
(349, 'Мадияр'),
(350, 'Мадлен'),
(351, 'Май'),
(352, 'Макар'),
(353, 'Максим'),
(354, 'Максимилиан'),
(355, 'Малик'),
(356, 'Мамед'),
(357, 'Манил'),
(358, 'Мансур'),
(359, 'Мануил'),
(360, 'Марат'),
(361, 'Мариан'),
(362, 'Мариус'),
(363, 'Марк'),
(364, 'Маркелл'),
(365, 'Марсель'),
(366, 'Мартин'),
(367, 'Мартьян'),
(368, 'Маскут'),
(369, 'Матвей'),
(370, 'Махмуд'),
(371, 'Медард'),
(372, 'Мелентий'),
(373, 'Мелитон'),
(374, 'Мераб'),
(375, 'Меркурий'),
(376, 'Мефодий'),
(377, 'Мечеслав'),
(378, 'Милан'),
(379, 'Мирза'),
(380, 'Мирон'),
(381, 'Мирослав'),
(382, 'Мисаил'),
(383, 'Митрофан'),
(384, 'Михаил'),
(385, 'Михей'),
(386, 'Мичлов'),
(387, 'Модест'),
(388, 'Моисей'),
(389, 'Мстислав'),
(390, 'Мурат'),
(391, 'Муслим'),
(392, 'Мустафа'),
(393, 'Мухтар'),
(394, 'Назар'),
(395, 'Назарий'),
(396, 'Назым'),
(397, 'Наил'),
(398, 'Нарцисс'),
(399, 'Натан'),
(400, 'Наум'),
(401, 'Нестор'),
(402, 'Никандр'),
(403, 'Никанор'),
(404, 'Никита'),
(405, 'Никифор'),
(406, 'Никодим'),
(407, 'Николай'),
(408, 'Никон'),
(409, 'Нил'),
(410, 'Нисон'),
(411, 'Нифонт'),
(412, 'Норберт'),
(413, 'Норман'),
(414, 'Овидий'),
(415, 'Одинец'),
(416, 'Олан'),
(417, 'Олаф'),
(418, 'Олег'),
(419, 'Олесь'),
(420, 'Олимпий'),
(421, 'Онисим'),
(422, 'Орест'),
(423, 'Осип'),
(424, 'Оскар'),
(425, 'Остап'),
(426, 'Остромир'),
(427, 'Павел'),
(428, 'Памфил'),
(429, 'Панкрат'),
(430, 'Пантелей'),
(431, 'Парамон'),
(432, 'Парух'),
(433, 'Парфен'),
(434, 'Патрик'),
(435, 'Патрикей'),
(436, 'Пахом'),
(437, 'Петр'),
(438, 'Пимен'),
(439, 'Платон'),
(440, 'Поликарп'),
(441, 'Помпей'),
(442, 'Порфирий'),
(443, 'Потап'),
(444, 'Пров'),
(445, 'Прокл'),
(446, 'Прокофий'),
(447, 'Протас'),
(448, 'Прохор'),
(449, 'Равиль'),
(450, 'Радий'),
(451, 'Радислав'),
(452, 'Радомир'),
(453, 'Раис'),
(454, 'Райнгольд'),
(455, 'Ратибор'),
(456, 'Ратмир'),
(457, 'Рауф'),
(458, 'Рафаил'),
(459, 'Рафик'),
(460, 'Рахман'),
(461, 'Рашид'),
(462, 'Реймонд'),
(463, 'Рейнольд'),
(464, 'Рем'),
(465, 'Ринат'),
(466, 'Рифат'),
(467, 'Рихард'),
(468, 'Ричард'),
(469, 'Роберт'),
(470, 'Родион'),
(471, 'Ролан'),
(472, 'Роман'),
(473, 'Рональд'),
(474, 'Ростислав'),
(475, 'Рубен'),
(476, 'Рудольф'),
(477, 'Руслан'),
(478, 'Рустам'),
(479, 'Рюрик'),
(480, 'Сабир'),
(481, 'Савва'),
(482, 'Савелий'),
(483, 'Салман'),
(484, 'Самсон'),
(485, 'Самуил'),
(486, 'Сармат'),
(487, 'Сархат'),
(488, 'Саттар'),
(489, 'Святополк'),
(490, 'Святослав'),
(491, 'Севастьян'),
(492, 'Северин'),
(493, 'Северьян'),
(494, 'Семен'),
(495, 'Серапион'),
(496, 'Серафим'),
(497, 'Сергей'),
(498, 'Сила'),
(499, 'Сильвестр'),
(500, 'Сократ'),
(501, 'Соломон'),
(502, 'Софрон'),
(503, 'Спартак'),
(504, 'Спиридон'),
(505, 'Стакрат'),
(506, 'Станимир'),
(507, 'Станислав'),
(508, 'Степан'),
(509, 'Стивен'),
(510, 'Стоян'),
(511, 'Султан'),
(512, 'Сухраб'),
(513, 'Таврион'),
(514, 'Таис'),
(515, 'Талик'),
(516, 'Тамаз'),
(517, 'Танир'),
(518, 'Тарас'),
(519, 'Тариэль'),
(520, 'Твердислав'),
(521, 'Тельман'),
(522, 'Теодор'),
(523, 'Терентий'),
(524, 'Тибор'),
(525, 'Тигран'),
(526, 'Тигрий'),
(527, 'Тимон'),
(528, 'Тимофей'),
(529, 'Тимур'),
(530, 'Тит'),
(531, 'Тихон'),
(532, 'Томас'),
(533, 'Трифон'),
(534, 'Трофим'),
(535, 'Ульманас'),
(536, 'Ульрих'),
(537, 'Ульян'),
(538, 'Урман'),
(539, 'Устин'),
(540, 'Фаддей'),
(541, 'Фаиз'),
(542, 'Фалалей'),
(543, 'Фарид'),
(544, 'Фархад'),
(545, 'Федор'),
(546, 'Федот'),
(547, 'Феликс'),
(548, 'Фелициан'),
(549, 'Феодосий'),
(550, 'Феоктист'),
(551, 'Феофан'),
(552, 'Феофил'),
(553, 'Ферапонт'),
(554, 'Фердинанд'),
(555, 'Фидель'),
(556, 'Филарет'),
(557, 'Филимон'),
(558, 'Филипп'),
(559, 'Фирс'),
(560, 'Флор'),
(561, 'Флорентий'),
(562, 'Фома'),
(563, 'Фортунат'),
(564, 'Фотий'),
(565, 'Франц'),
(566, 'Фридрих'),
(567, 'Фуад'),
(568, 'Хаким'),
(569, 'Халид'),
(570, 'Халик'),
(571, 'Хамид'),
(572, 'Харвей'),
(573, 'Харитон'),
(574, 'Харольд'),
(575, 'Христиан'),
(576, 'Христос'),
(577, 'Христофор'),
(578, 'Худаяр'),
(579, 'Цезарь'),
(580, 'Чеслав'),
(581, 'Шами'),
(582, 'Шамиль'),
(583, 'Шакур'),
(584, 'Эдвард'),
(585, 'Эдгар'),
(586, 'Эдмунд'),
(587, 'Эдуард'),
(588, 'Эльдар'),
(589, 'Эмиль'),
(590, 'Эммануил'),
(591, 'Эразм'),
(592, 'Эраст'),
(593, 'Эрик'),
(594, 'Эрнест'),
(595, 'Юджин'),
(596, 'Юлиан'),
(597, 'Юлий'),
(598, 'Юрий'),
(599, 'Юхим'),
(600, 'Язид'),
(601, 'Яким'),
(602, 'Яков'),
(603, 'Ян'),
(604, 'Янис'),
(605, 'Януарий'),
(606, 'Яромир'),
(607, 'Ярополк'),
(608, 'Ярослав'),
(609, 'Ясон');

-- --------------------------------------------------------

--
-- Структура таблицы `races`
--

CREATE TABLE IF NOT EXISTS `races` (
  `id` int(11) NOT NULL AUTO_INCREMENT,
  `title` varchar(30) NOT NULL,
  `achievement` int(11) NOT NULL,
  PRIMARY KEY (`id`)
) ENGINE=InnoDB  DEFAULT CHARSET=utf8 AUTO_INCREMENT=10 ;

--
-- Дамп данных таблицы `races`
--

INSERT INTO `races` (`id`, `title`, `achievement`) VALUES
(1, 'Эльф', 1),
(2, 'Африка', 2),
(3, 'Китай', 3),
(4, 'Орк', 4),
(5, 'Гоблин', 5),
(6, 'Дворф', 6),
(7, 'Вампир', 7),
(8, 'Фея', 8),
(9, 'Тролль', 9);

-- --------------------------------------------------------

--
-- Структура таблицы `race_appearance`
--

CREATE TABLE IF NOT EXISTS `race_appearance` (
  `id` int(6) unsigned NOT NULL AUTO_INCREMENT,
  `title` varchar(30) NOT NULL,
  `height` int(4) DEFAULT NULL,
  `skin_color` int(4) DEFAULT NULL,
  `hair_color` int(4) DEFAULT NULL,
  `hair_type` int(4) DEFAULT NULL,
  `head` int(4) DEFAULT NULL,
  `ears` int(4) DEFAULT NULL,
  `eyebrows` int(4) DEFAULT NULL,
  `eyes` int(4) DEFAULT NULL,
  `eye_color` int(4) DEFAULT NULL,
  `nose` int(4) DEFAULT NULL,
  `mouth` int(4) DEFAULT NULL,
  `body` int(4) DEFAULT NULL,
  PRIMARY KEY (`id`)
) ENGINE=InnoDB  DEFAULT CHARSET=utf8 AUTO_INCREMENT=36 ;

--
-- Дамп данных таблицы `race_appearance`
--

INSERT INTO `race_appearance` (`id`, `title`, `height`, `skin_color`, `hair_color`, `hair_type`, `head`, `ears`, `eyebrows`, `eyes`, `eye_color`, `nose`, `mouth`, `body`) VALUES
(1, 'Эльф', 7, 0, 0, 0, 31, 41, 0, 0, 0, 71, 0, 89),
(2, 'Эльф', 7, 0, 0, 0, 31, 41, 0, 0, 0, 71, 0, 90),
(3, 'Эльф', 7, 0, 0, 0, 31, 41, 0, 0, 0, 72, 0, 89),
(4, 'Эльф', 7, 0, 0, 0, 31, 41, 0, 0, 0, 72, 0, 90),
(5, 'Эльф', 7, 0, 0, 0, 31, 41, 0, 0, 0, 73, 0, 89),
(6, 'Эльф', 7, 0, 0, 0, 31, 41, 0, 0, 0, 73, 0, 90),
(7, 'Эльф', 7, 0, 0, 0, 32, 41, 0, 0, 0, 71, 0, 89),
(8, 'Эльф', 7, 0, 0, 0, 32, 41, 0, 0, 0, 71, 0, 90),
(9, 'Эльф', 7, 0, 0, 0, 32, 41, 0, 0, 0, 72, 0, 89),
(10, 'Эльф', 7, 0, 0, 0, 32, 41, 0, 0, 0, 72, 0, 90),
(11, 'Эльф', 7, 0, 0, 0, 32, 41, 0, 0, 0, 73, 0, 89),
(12, 'Эльф', 7, 0, 0, 0, 32, 41, 0, 0, 0, 73, 0, 90),
(13, 'Эльф', 7, 0, 0, 0, 33, 41, 0, 0, 0, 71, 0, 89),
(14, 'Эльф', 7, 0, 0, 0, 33, 41, 0, 0, 0, 71, 0, 90),
(15, 'Эльф', 7, 0, 0, 0, 33, 41, 0, 0, 0, 72, 0, 89),
(16, 'Эльф', 7, 0, 0, 0, 33, 41, 0, 0, 0, 72, 0, 90),
(17, 'Эльф', 7, 0, 0, 0, 33, 41, 0, 0, 0, 73, 0, 89),
(18, 'Эльф', 7, 0, 0, 0, 33, 41, 0, 0, 0, 73, 0, 90),
(19, 'Африка', 0, 10, 21, 26, 0, 0, 0, 0, 0, 0, 83, 0),
(20, 'Китай', 1, 11, 21, 25, 0, 0, 0, 52, 0, 0, 0, 0),
(21, 'Китай', 2, 11, 21, 25, 0, 0, 0, 52, 0, 0, 0, 0),
(23, 'Орк', 7, 14, 0, 0, 34, 42, 0, 0, 0, 74, 86, 91),
(24, 'Орк', 7, 14, 0, 0, 35, 42, 0, 0, 0, 74, 86, 91),
(25, 'Гоблин', 6, 15, 0, 0, 0, 42, 0, 0, 0, 74, 0, 0),
(26, 'Дворф', 6, 0, 0, 0, 0, 37, 0, 0, 0, 74, 0, 91),
(27, 'Дворф', 6, 0, 0, 0, 0, 37, 0, 0, 0, 75, 0, 91),
(28, 'Дворф', 6, 0, 0, 0, 0, 37, 0, 0, 0, 76, 0, 91),
(29, 'Дворф', 6, 0, 0, 0, 0, 38, 0, 0, 0, 74, 0, 91),
(30, 'Дворф', 6, 0, 0, 0, 0, 38, 0, 0, 0, 75, 0, 91),
(31, 'Дворф', 6, 0, 0, 0, 0, 38, 0, 0, 0, 76, 0, 91),
(32, 'Вампир', 0, 13, 0, 0, 0, 0, 0, 0, 70, 0, 87, 0),
(33, 'Фея', 6, 0, 0, 0, 0, 39, 0, 0, 0, 73, 0, 92),
(34, 'Фея', 6, 0, 0, 0, 0, 40, 0, 0, 0, 73, 0, 92),
(35, 'Тролль', 7, 16, 0, 0, 0, 41, 0, 0, 0, 0, 86, 0);

-- --------------------------------------------------------

--
-- Структура таблицы `test`
--

CREATE TABLE IF NOT EXISTS `test` (
  `id` int(11) NOT NULL AUTO_INCREMENT,
  `name` varchar(30) NOT NULL,
  `sex` enum('male','female') NOT NULL,
  PRIMARY KEY (`id`)
) ENGINE=InnoDB  DEFAULT CHARSET=utf8 AUTO_INCREMENT=4 ;

--
-- Дамп данных таблицы `test`
--

INSERT INTO `test` (`id`, `name`, `sex`) VALUES
(1, 'катя', 'female'),
(2, 'леша', 'male'),
(3, 'олег', 'male');

-- --------------------------------------------------------

--
-- Структура таблицы `users`
--

CREATE TABLE IF NOT EXISTS `users` (
  `id` int(11) NOT NULL AUTO_INCREMENT,
  `name` varchar(30) NOT NULL,
  `curr_family` int(11) NOT NULL,
  `money` int(11) NOT NULL,
  `achievements` varchar(500) NOT NULL,
  `email` varchar(30) NOT NULL,
  `pass` varchar(30) NOT NULL,
  `salt` varchar(5) NOT NULL,
  PRIMARY KEY (`id`)
) ENGINE=InnoDB  DEFAULT CHARSET=utf8 AUTO_INCREMENT=2 ;

--
-- Дамп данных таблицы `users`
--

INSERT INTO `users` (`id`, `name`, `curr_family`, `money`, `achievements`, `email`, `pass`, `salt`) VALUES
(1, 'Lily', 7, 100, 'Вампир,Африка', '', '', '');

-- --------------------------------------------------------

--
-- Структура таблицы `user_achievements`
--

CREATE TABLE IF NOT EXISTS `user_achievements` (
  `user_id` int(11) NOT NULL,
  `achievement_id` int(11) NOT NULL
) ENGINE=InnoDB DEFAULT CHARSET=utf8;
